{"cameraMode":{"drawMode":0,"name":"Shaded","section":"Shading Mode"},"sceneLighting":true,"audioPlay":false,"sceneViewState":{"m_AlwaysRefresh":false,"showFog":true,"showSkybox":true,"showFlares":true,"showImageEffects":true,"showParticleSystems":true,"showVisualEffectGraphs":true,"m_FxEnabled":true},"in2DMode":false,"pivot":{"x":0.08101645112037659,"y":4.083847522735596,"z":-6.247130870819092},"rotation":{"x":0.3299795389175415,"y":0.12267718464136124,"z":-0.043368034064769748,"w":0.9349163174629211},"size":0.8660253882408142,"orthographic":false}